[
{
  "model": "navigator.tile",
  "pk": 1,
  "fields": {
    "created": "2019-06-22T19:31:22.258Z",
    "modified": "2019-06-22T21:47:12.274Z",
    "name": "b396",
    "active": true,
    "row": 0,
    "column": 0,
    "features": "",
    "size": null
  }
},
{
  "model": "navigator.tile",
  "pk": 2,
  "fields": {
    "created": "2019-06-22T19:31:22.265Z",
    "modified": "2019-06-22T19:31:22.265Z",
    "name": "b395",
    "active": false,
    "row": 0,
    "column": 1,
    "features": "",
    "size": null
  }
},
{
  "model": "navigator.tile",
  "pk": 3,
  "fields": {
    "created": "2019-06-22T19:31:22.270Z",
    "modified": "2019-06-22T19:31:22.270Z",
    "name": "b394",
    "active": false,
    "row": 0,
    "column": 2,
    "features": "",
    "size": null
  }
},
{
  "model": "navigator.tile",
  "pk": 4,
  "fields": {
    "created": "2019-06-22T19:31:22.274Z",
    "modified": "2019-06-22T19:31:22.274Z",
    "name": "b393",
    "active": false,
    "row": 0,
    "column": 3,
    "features": "",
    "size": null
  }
},
{
  "model": "navigator.tile",
  "pk": 5,
  "fields": {
    "created": "2019-06-22T19:31:22.280Z",
    "modified": "2019-06-22T19:31:22.280Z",
    "name": "b392",
    "active": false,
    "row": 0,
    "column": 4,
    "features": "",
    "size": null
  }
},
{
  "model": "navigator.tile",
  "pk": 6,
  "fields": {
    "created": "2019-06-22T19:31:22.285Z",
    "modified": "2019-06-22T19:31:22.285Z",
    "name": "b391",
    "active": false,
    "row": 0,
    "column": 5,
    "features": "",
    "size": null
  }
},
{
  "model": "navigator.tile",
  "pk": 7,
  "fields": {
    "created": "2019-06-22T19:31:22.292Z",
    "modified": "2019-06-22T19:31:22.292Z",
    "name": "b390",
    "active": false,
    "row": 0,
    "column": 6,
    "features": "",
    "size": null
  }
},
{
  "model": "navigator.tile",
  "pk": 8,
  "fields": {
    "created": "2019-06-22T19:31:22.297Z",
    "modified": "2019-06-22T19:31:22.297Z",
    "name": "b389",
    "active": false,
    "row": 0,
    "column": 7,
    "features": "",
    "size": null
  }
},
{
  "model": "navigator.tile",
  "pk": 9,
  "fields": {
    "created": "2019-06-22T19:31:22.303Z",
    "modified": "2019-06-22T19:31:22.303Z",
    "name": "b388",
    "active": false,
    "row": 0,
    "column": 8,
    "features": "",
    "size": null
  }
},
{
  "model": "navigator.tile",
  "pk": 10,
  "fields": {
    "created": "2019-06-22T19:31:22.308Z",
    "modified": "2019-06-22T19:31:22.308Z",
    "name": "b387",
    "active": false,
    "row": 0,
    "column": 9,
    "features": "",
    "size": null
  }
},
{
  "model": "navigator.tile",
  "pk": 11,
  "fields": {
    "created": "2019-06-22T19:31:22.313Z",
    "modified": "2019-06-22T19:31:22.313Z",
    "name": "b386",
    "active": false,
    "row": 0,
    "column": 10,
    "features": "",
    "size": null
  }
},
{
  "model": "navigator.tile",
  "pk": 12,
  "fields": {
    "created": "2019-06-22T19:31:22.320Z",
    "modified": "2019-06-22T19:31:22.320Z",
    "name": "b385",
    "active": false,
    "row": 0,
    "column": 11,
    "features": "",
    "size": null
  }
},
{
  "model": "navigator.tile",
  "pk": 13,
  "fields": {
    "created": "2019-06-22T19:31:22.324Z",
    "modified": "2019-06-22T19:31:22.324Z",
    "name": "b384",
    "active": false,
    "row": 0,
    "column": 12,
    "features": "",
    "size": null
  }
},
{
  "model": "navigator.tile",
  "pk": 14,
  "fields": {
    "created": "2019-06-22T19:31:22.331Z",
    "modified": "2019-06-22T19:31:22.331Z",
    "name": "b383",
    "active": false,
    "row": 0,
    "column": 13,
    "features": "",
    "size": null
  }
},
{
  "model": "navigator.tile",
  "pk": 15,
  "fields": {
    "created": "2019-06-22T19:31:22.336Z",
    "modified": "2019-06-22T19:31:22.336Z",
    "name": "b382",
    "active": false,
    "row": 1,
    "column": 0,
    "features": "",
    "size": null
  }
},
{
  "model": "navigator.tile",
  "pk": 16,
  "fields": {
    "created": "2019-06-22T19:31:22.340Z",
    "modified": "2019-06-22T19:31:22.340Z",
    "name": "b381",
    "active": false,
    "row": 1,
    "column": 1,
    "features": "",
    "size": null
  }
},
{
  "model": "navigator.tile",
  "pk": 17,
  "fields": {
    "created": "2019-06-22T19:31:22.345Z",
    "modified": "2019-06-22T19:31:22.345Z",
    "name": "b380",
    "active": false,
    "row": 1,
    "column": 2,
    "features": "",
    "size": null
  }
},
{
  "model": "navigator.tile",
  "pk": 18,
  "fields": {
    "created": "2019-06-22T19:31:22.352Z",
    "modified": "2019-06-22T19:31:22.352Z",
    "name": "b379",
    "active": false,
    "row": 1,
    "column": 3,
    "features": "",
    "size": null
  }
},
{
  "model": "navigator.tile",
  "pk": 19,
  "fields": {
    "created": "2019-06-22T19:31:22.357Z",
    "modified": "2019-06-22T19:31:22.357Z",
    "name": "b378",
    "active": false,
    "row": 1,
    "column": 4,
    "features": "",
    "size": null
  }
},
{
  "model": "navigator.tile",
  "pk": 20,
  "fields": {
    "created": "2019-06-22T19:31:22.364Z",
    "modified": "2019-06-22T19:31:22.364Z",
    "name": "b377",
    "active": false,
    "row": 1,
    "column": 5,
    "features": "",
    "size": null
  }
},
{
  "model": "navigator.tile",
  "pk": 21,
  "fields": {
    "created": "2019-06-22T19:31:22.370Z",
    "modified": "2019-06-22T19:31:22.370Z",
    "name": "b376",
    "active": false,
    "row": 1,
    "column": 6,
    "features": "",
    "size": null
  }
},
{
  "model": "navigator.tile",
  "pk": 22,
  "fields": {
    "created": "2019-06-22T19:31:22.375Z",
    "modified": "2019-06-22T19:31:22.375Z",
    "name": "b375",
    "active": false,
    "row": 1,
    "column": 7,
    "features": "",
    "size": null
  }
},
{
  "model": "navigator.tile",
  "pk": 23,
  "fields": {
    "created": "2019-06-22T19:31:22.380Z",
    "modified": "2019-06-22T19:31:22.380Z",
    "name": "b374",
    "active": false,
    "row": 1,
    "column": 8,
    "features": "",
    "size": null
  }
},
{
  "model": "navigator.tile",
  "pk": 24,
  "fields": {
    "created": "2019-06-22T19:31:22.387Z",
    "modified": "2019-06-22T19:31:22.387Z",
    "name": "b373",
    "active": false,
    "row": 1,
    "column": 9,
    "features": "",
    "size": null
  }
},
{
  "model": "navigator.tile",
  "pk": 25,
  "fields": {
    "created": "2019-06-22T19:31:22.392Z",
    "modified": "2019-06-22T19:31:22.392Z",
    "name": "b372",
    "active": false,
    "row": 1,
    "column": 10,
    "features": "",
    "size": null
  }
},
{
  "model": "navigator.tile",
  "pk": 26,
  "fields": {
    "created": "2019-06-22T19:31:22.397Z",
    "modified": "2019-06-22T19:31:22.397Z",
    "name": "b371",
    "active": false,
    "row": 1,
    "column": 11,
    "features": "",
    "size": null
  }
},
{
  "model": "navigator.tile",
  "pk": 27,
  "fields": {
    "created": "2019-06-22T19:31:22.403Z",
    "modified": "2019-06-22T19:31:22.403Z",
    "name": "b370",
    "active": false,
    "row": 1,
    "column": 12,
    "features": "",
    "size": null
  }
},
{
  "model": "navigator.tile",
  "pk": 28,
  "fields": {
    "created": "2019-06-22T19:31:22.410Z",
    "modified": "2019-06-22T19:31:22.410Z",
    "name": "b369",
    "active": false,
    "row": 1,
    "column": 13,
    "features": "",
    "size": null
  }
},
{
  "model": "navigator.tile",
  "pk": 29,
  "fields": {
    "created": "2019-06-22T19:31:22.417Z",
    "modified": "2019-06-22T19:31:22.417Z",
    "name": "b368",
    "active": false,
    "row": 2,
    "column": 0,
    "features": "",
    "size": null
  }
},
{
  "model": "navigator.tile",
  "pk": 30,
  "fields": {
    "created": "2019-06-22T19:31:22.424Z",
    "modified": "2019-06-22T19:31:22.424Z",
    "name": "b367",
    "active": false,
    "row": 2,
    "column": 1,
    "features": "",
    "size": null
  }
},
{
  "model": "navigator.tile",
  "pk": 31,
  "fields": {
    "created": "2019-06-22T19:31:22.429Z",
    "modified": "2019-06-22T19:31:22.429Z",
    "name": "b366",
    "active": false,
    "row": 2,
    "column": 2,
    "features": "",
    "size": null
  }
},
{
  "model": "navigator.tile",
  "pk": 32,
  "fields": {
    "created": "2019-06-22T19:31:22.436Z",
    "modified": "2019-06-22T19:31:22.436Z",
    "name": "b365",
    "active": false,
    "row": 2,
    "column": 3,
    "features": "",
    "size": null
  }
},
{
  "model": "navigator.tile",
  "pk": 33,
  "fields": {
    "created": "2019-06-22T19:31:22.441Z",
    "modified": "2019-06-22T19:31:22.441Z",
    "name": "b364",
    "active": false,
    "row": 2,
    "column": 4,
    "features": "",
    "size": null
  }
},
{
  "model": "navigator.tile",
  "pk": 34,
  "fields": {
    "created": "2019-06-22T19:31:22.445Z",
    "modified": "2019-06-22T19:31:22.446Z",
    "name": "b363",
    "active": false,
    "row": 2,
    "column": 5,
    "features": "",
    "size": null
  }
},
{
  "model": "navigator.tile",
  "pk": 35,
  "fields": {
    "created": "2019-06-22T19:31:22.450Z",
    "modified": "2019-06-22T19:31:22.450Z",
    "name": "b362",
    "active": false,
    "row": 2,
    "column": 6,
    "features": "",
    "size": null
  }
},
{
  "model": "navigator.tile",
  "pk": 36,
  "fields": {
    "created": "2019-06-22T19:31:22.455Z",
    "modified": "2019-06-22T19:31:22.455Z",
    "name": "b361",
    "active": false,
    "row": 2,
    "column": 7,
    "features": "",
    "size": null
  }
},
{
  "model": "navigator.tile",
  "pk": 37,
  "fields": {
    "created": "2019-06-22T19:31:22.460Z",
    "modified": "2019-06-22T19:31:22.460Z",
    "name": "b360",
    "active": true,
    "row": 2,
    "column": 8,
    "features": "",
    "size": null
  }
},
{
  "model": "navigator.tile",
  "pk": 38,
  "fields": {
    "created": "2019-06-22T19:31:22.465Z",
    "modified": "2019-06-22T19:31:22.465Z",
    "name": "b359",
    "active": false,
    "row": 2,
    "column": 9,
    "features": "",
    "size": null
  }
},
{
  "model": "navigator.tile",
  "pk": 39,
  "fields": {
    "created": "2019-06-22T19:31:22.469Z",
    "modified": "2019-06-22T19:31:22.469Z",
    "name": "b358",
    "active": false,
    "row": 2,
    "column": 10,
    "features": "",
    "size": null
  }
},
{
  "model": "navigator.tile",
  "pk": 40,
  "fields": {
    "created": "2019-06-22T19:31:22.475Z",
    "modified": "2019-06-22T19:31:22.475Z",
    "name": "b357",
    "active": false,
    "row": 2,
    "column": 11,
    "features": "",
    "size": null
  }
},
{
  "model": "navigator.tile",
  "pk": 41,
  "fields": {
    "created": "2019-06-22T19:31:22.480Z",
    "modified": "2019-06-22T19:31:22.480Z",
    "name": "b356",
    "active": false,
    "row": 2,
    "column": 12,
    "features": "",
    "size": null
  }
},
{
  "model": "navigator.tile",
  "pk": 42,
  "fields": {
    "created": "2019-06-22T19:31:22.487Z",
    "modified": "2019-06-22T19:31:22.487Z",
    "name": "b355",
    "active": false,
    "row": 2,
    "column": 13,
    "features": "",
    "size": null
  }
},
{
  "model": "navigator.tile",
  "pk": 43,
  "fields": {
    "created": "2019-06-22T19:31:22.492Z",
    "modified": "2019-06-22T19:31:22.492Z",
    "name": "b354",
    "active": false,
    "row": 3,
    "column": 0,
    "features": "",
    "size": null
  }
},
{
  "model": "navigator.tile",
  "pk": 44,
  "fields": {
    "created": "2019-06-22T19:31:22.497Z",
    "modified": "2019-06-22T19:31:22.497Z",
    "name": "b353",
    "active": false,
    "row": 3,
    "column": 1,
    "features": "",
    "size": null
  }
},
{
  "model": "navigator.tile",
  "pk": 45,
  "fields": {
    "created": "2019-06-22T19:31:22.501Z",
    "modified": "2019-06-22T19:31:22.501Z",
    "name": "b352",
    "active": false,
    "row": 3,
    "column": 2,
    "features": "",
    "size": null
  }
},
{
  "model": "navigator.tile",
  "pk": 46,
  "fields": {
    "created": "2019-06-22T19:31:22.506Z",
    "modified": "2019-06-22T19:31:22.506Z",
    "name": "b351",
    "active": false,
    "row": 3,
    "column": 3,
    "features": "",
    "size": null
  }
},
{
  "model": "navigator.tile",
  "pk": 47,
  "fields": {
    "created": "2019-06-22T19:31:22.511Z",
    "modified": "2019-06-22T19:31:22.511Z",
    "name": "b350",
    "active": false,
    "row": 3,
    "column": 4,
    "features": "",
    "size": null
  }
},
{
  "model": "navigator.tile",
  "pk": 48,
  "fields": {
    "created": "2019-06-22T19:31:22.515Z",
    "modified": "2019-06-22T19:31:22.515Z",
    "name": "b349",
    "active": false,
    "row": 3,
    "column": 5,
    "features": "",
    "size": null
  }
},
{
  "model": "navigator.tile",
  "pk": 49,
  "fields": {
    "created": "2019-06-22T19:31:22.520Z",
    "modified": "2019-06-22T19:31:22.520Z",
    "name": "b348",
    "active": false,
    "row": 3,
    "column": 6,
    "features": "",
    "size": null
  }
},
{
  "model": "navigator.tile",
  "pk": 50,
  "fields": {
    "created": "2019-06-22T19:31:22.525Z",
    "modified": "2019-06-22T19:31:22.525Z",
    "name": "b347",
    "active": false,
    "row": 3,
    "column": 7,
    "features": "",
    "size": null
  }
},
{
  "model": "navigator.tile",
  "pk": 51,
  "fields": {
    "created": "2019-06-22T19:31:22.530Z",
    "modified": "2019-06-22T19:31:22.530Z",
    "name": "b346",
    "active": false,
    "row": 3,
    "column": 8,
    "features": "",
    "size": null
  }
},
{
  "model": "navigator.tile",
  "pk": 52,
  "fields": {
    "created": "2019-06-22T19:31:22.535Z",
    "modified": "2019-06-22T19:31:22.535Z",
    "name": "b345",
    "active": false,
    "row": 3,
    "column": 9,
    "features": "",
    "size": null
  }
},
{
  "model": "navigator.tile",
  "pk": 53,
  "fields": {
    "created": "2019-06-22T19:31:22.539Z",
    "modified": "2019-06-22T19:31:22.540Z",
    "name": "b344",
    "active": false,
    "row": 3,
    "column": 10,
    "features": "",
    "size": null
  }
},
{
  "model": "navigator.tile",
  "pk": 54,
  "fields": {
    "created": "2019-06-22T19:31:22.544Z",
    "modified": "2019-06-22T19:31:22.544Z",
    "name": "b343",
    "active": false,
    "row": 3,
    "column": 11,
    "features": "",
    "size": null
  }
},
{
  "model": "navigator.tile",
  "pk": 55,
  "fields": {
    "created": "2019-06-22T19:31:22.549Z",
    "modified": "2019-06-22T19:31:22.549Z",
    "name": "b342",
    "active": false,
    "row": 3,
    "column": 12,
    "features": "",
    "size": null
  }
},
{
  "model": "navigator.tile",
  "pk": 56,
  "fields": {
    "created": "2019-06-22T19:31:22.554Z",
    "modified": "2019-06-22T19:31:22.554Z",
    "name": "b341",
    "active": false,
    "row": 3,
    "column": 13,
    "features": "",
    "size": null
  }
},
{
  "model": "navigator.tile",
  "pk": 57,
  "fields": {
    "created": "2019-06-22T19:31:22.559Z",
    "modified": "2019-06-22T19:31:22.559Z",
    "name": "b340",
    "active": false,
    "row": 4,
    "column": 0,
    "features": "",
    "size": null
  }
},
{
  "model": "navigator.tile",
  "pk": 58,
  "fields": {
    "created": "2019-06-22T19:31:22.564Z",
    "modified": "2019-06-22T19:31:22.564Z",
    "name": "b339",
    "active": false,
    "row": 4,
    "column": 1,
    "features": "",
    "size": null
  }
},
{
  "model": "navigator.tile",
  "pk": 59,
  "fields": {
    "created": "2019-06-22T19:31:22.570Z",
    "modified": "2019-06-22T19:31:22.570Z",
    "name": "b338",
    "active": false,
    "row": 4,
    "column": 2,
    "features": "",
    "size": null
  }
},
{
  "model": "navigator.tile",
  "pk": 60,
  "fields": {
    "created": "2019-06-22T19:31:22.575Z",
    "modified": "2019-06-22T19:31:22.575Z",
    "name": "b337",
    "active": false,
    "row": 4,
    "column": 3,
    "features": "",
    "size": null
  }
},
{
  "model": "navigator.tile",
  "pk": 61,
  "fields": {
    "created": "2019-06-22T19:31:22.581Z",
    "modified": "2019-06-22T19:31:22.581Z",
    "name": "b336",
    "active": false,
    "row": 4,
    "column": 4,
    "features": "",
    "size": null
  }
},
{
  "model": "navigator.tile",
  "pk": 62,
  "fields": {
    "created": "2019-06-22T19:31:22.588Z",
    "modified": "2019-06-22T19:31:22.588Z",
    "name": "b335",
    "active": false,
    "row": 4,
    "column": 5,
    "features": "",
    "size": null
  }
},
{
  "model": "navigator.tile",
  "pk": 63,
  "fields": {
    "created": "2019-06-22T19:31:22.593Z",
    "modified": "2019-06-22T19:31:22.593Z",
    "name": "b334",
    "active": false,
    "row": 4,
    "column": 6,
    "features": "",
    "size": null
  }
},
{
  "model": "navigator.tile",
  "pk": 64,
  "fields": {
    "created": "2019-06-22T19:31:22.598Z",
    "modified": "2019-06-22T19:31:22.598Z",
    "name": "b333",
    "active": false,
    "row": 4,
    "column": 7,
    "features": "",
    "size": null
  }
},
{
  "model": "navigator.tile",
  "pk": 65,
  "fields": {
    "created": "2019-06-22T19:31:22.603Z",
    "modified": "2019-06-22T19:31:22.603Z",
    "name": "b332",
    "active": false,
    "row": 4,
    "column": 8,
    "features": "",
    "size": null
  }
},
{
  "model": "navigator.tile",
  "pk": 66,
  "fields": {
    "created": "2019-06-22T19:31:22.608Z",
    "modified": "2019-06-22T19:31:22.608Z",
    "name": "b331",
    "active": false,
    "row": 4,
    "column": 9,
    "features": "",
    "size": null
  }
},
{
  "model": "navigator.tile",
  "pk": 67,
  "fields": {
    "created": "2019-06-22T19:31:22.613Z",
    "modified": "2019-06-22T19:31:22.613Z",
    "name": "b330",
    "active": false,
    "row": 4,
    "column": 10,
    "features": "",
    "size": null
  }
},
{
  "model": "navigator.tile",
  "pk": 68,
  "fields": {
    "created": "2019-06-22T19:31:22.618Z",
    "modified": "2019-06-22T19:31:22.618Z",
    "name": "b329",
    "active": false,
    "row": 4,
    "column": 11,
    "features": "",
    "size": null
  }
},
{
  "model": "navigator.tile",
  "pk": 69,
  "fields": {
    "created": "2019-06-22T19:31:22.623Z",
    "modified": "2019-06-22T19:31:22.623Z",
    "name": "b328",
    "active": false,
    "row": 4,
    "column": 12,
    "features": "",
    "size": null
  }
},
{
  "model": "navigator.tile",
  "pk": 70,
  "fields": {
    "created": "2019-06-22T19:31:22.628Z",
    "modified": "2019-06-22T19:31:22.628Z",
    "name": "b327",
    "active": false,
    "row": 4,
    "column": 13,
    "features": "",
    "size": null
  }
},
{
  "model": "navigator.tile",
  "pk": 71,
  "fields": {
    "created": "2019-06-22T19:31:22.633Z",
    "modified": "2019-06-22T19:31:22.633Z",
    "name": "b326",
    "active": false,
    "row": 5,
    "column": 0,
    "features": "",
    "size": null
  }
},
{
  "model": "navigator.tile",
  "pk": 72,
  "fields": {
    "created": "2019-06-22T19:31:22.638Z",
    "modified": "2019-06-22T19:31:22.638Z",
    "name": "b325",
    "active": false,
    "row": 5,
    "column": 1,
    "features": "",
    "size": null
  }
},
{
  "model": "navigator.tile",
  "pk": 73,
  "fields": {
    "created": "2019-06-22T19:31:22.645Z",
    "modified": "2019-06-22T19:31:22.645Z",
    "name": "b324",
    "active": false,
    "row": 5,
    "column": 2,
    "features": "",
    "size": null
  }
},
{
  "model": "navigator.tile",
  "pk": 74,
  "fields": {
    "created": "2019-06-22T19:31:22.651Z",
    "modified": "2019-06-22T19:31:22.651Z",
    "name": "b323",
    "active": false,
    "row": 5,
    "column": 3,
    "features": "",
    "size": null
  }
},
{
  "model": "navigator.tile",
  "pk": 75,
  "fields": {
    "created": "2019-06-22T19:31:22.658Z",
    "modified": "2019-06-22T19:31:22.658Z",
    "name": "b322",
    "active": false,
    "row": 5,
    "column": 4,
    "features": "",
    "size": null
  }
},
{
  "model": "navigator.tile",
  "pk": 76,
  "fields": {
    "created": "2019-06-22T19:31:22.665Z",
    "modified": "2019-06-22T19:31:22.665Z",
    "name": "b321",
    "active": false,
    "row": 5,
    "column": 5,
    "features": "",
    "size": null
  }
},
{
  "model": "navigator.tile",
  "pk": 77,
  "fields": {
    "created": "2019-06-22T19:31:22.670Z",
    "modified": "2019-06-22T19:31:22.670Z",
    "name": "b320",
    "active": false,
    "row": 5,
    "column": 6,
    "features": "",
    "size": null
  }
},
{
  "model": "navigator.tile",
  "pk": 78,
  "fields": {
    "created": "2019-06-22T19:31:22.675Z",
    "modified": "2019-06-22T19:31:22.675Z",
    "name": "b319",
    "active": false,
    "row": 5,
    "column": 7,
    "features": "",
    "size": null
  }
},
{
  "model": "navigator.tile",
  "pk": 79,
  "fields": {
    "created": "2019-06-22T19:31:22.680Z",
    "modified": "2019-06-22T19:31:22.680Z",
    "name": "b318",
    "active": false,
    "row": 5,
    "column": 8,
    "features": "",
    "size": null
  }
},
{
  "model": "navigator.tile",
  "pk": 80,
  "fields": {
    "created": "2019-06-22T19:31:22.685Z",
    "modified": "2019-06-22T19:31:22.685Z",
    "name": "b317",
    "active": false,
    "row": 5,
    "column": 9,
    "features": "",
    "size": null
  }
},
{
  "model": "navigator.tile",
  "pk": 81,
  "fields": {
    "created": "2019-06-22T19:31:22.690Z",
    "modified": "2019-06-22T19:31:22.690Z",
    "name": "b316",
    "active": false,
    "row": 5,
    "column": 10,
    "features": "",
    "size": null
  }
},
{
  "model": "navigator.tile",
  "pk": 82,
  "fields": {
    "created": "2019-06-22T19:31:22.694Z",
    "modified": "2019-06-22T19:31:22.694Z",
    "name": "b315",
    "active": false,
    "row": 5,
    "column": 11,
    "features": "",
    "size": null
  }
},
{
  "model": "navigator.tile",
  "pk": 83,
  "fields": {
    "created": "2019-06-22T19:31:22.699Z",
    "modified": "2019-06-22T19:31:22.699Z",
    "name": "b314",
    "active": false,
    "row": 5,
    "column": 12,
    "features": "",
    "size": null
  }
},
{
  "model": "navigator.tile",
  "pk": 84,
  "fields": {
    "created": "2019-06-22T19:31:22.704Z",
    "modified": "2019-06-22T19:31:22.704Z",
    "name": "b313",
    "active": false,
    "row": 5,
    "column": 13,
    "features": "",
    "size": null
  }
},
{
  "model": "navigator.tile",
  "pk": 85,
  "fields": {
    "created": "2019-06-22T19:31:22.709Z",
    "modified": "2019-06-22T19:31:22.709Z",
    "name": "b312",
    "active": false,
    "row": 6,
    "column": 0,
    "features": "",
    "size": null
  }
},
{
  "model": "navigator.tile",
  "pk": 86,
  "fields": {
    "created": "2019-06-22T19:31:22.713Z",
    "modified": "2019-06-22T19:31:22.713Z",
    "name": "b311",
    "active": false,
    "row": 6,
    "column": 1,
    "features": "",
    "size": null
  }
},
{
  "model": "navigator.tile",
  "pk": 87,
  "fields": {
    "created": "2019-06-22T19:31:22.718Z",
    "modified": "2019-06-22T19:31:22.718Z",
    "name": "b310",
    "active": false,
    "row": 6,
    "column": 2,
    "features": "",
    "size": null
  }
},
{
  "model": "navigator.tile",
  "pk": 88,
  "fields": {
    "created": "2019-06-22T19:31:22.722Z",
    "modified": "2019-06-22T19:31:22.722Z",
    "name": "b309",
    "active": false,
    "row": 6,
    "column": 3,
    "features": "",
    "size": null
  }
},
{
  "model": "navigator.tile",
  "pk": 89,
  "fields": {
    "created": "2019-06-22T19:31:22.727Z",
    "modified": "2019-06-22T19:31:22.727Z",
    "name": "b308",
    "active": false,
    "row": 6,
    "column": 4,
    "features": "",
    "size": null
  }
},
{
  "model": "navigator.tile",
  "pk": 90,
  "fields": {
    "created": "2019-06-22T19:31:22.731Z",
    "modified": "2019-06-22T19:31:22.731Z",
    "name": "b307",
    "active": false,
    "row": 6,
    "column": 5,
    "features": "",
    "size": null
  }
},
{
  "model": "navigator.tile",
  "pk": 91,
  "fields": {
    "created": "2019-06-22T19:31:22.736Z",
    "modified": "2019-06-22T19:31:22.736Z",
    "name": "b306",
    "active": false,
    "row": 6,
    "column": 6,
    "features": "",
    "size": null
  }
},
{
  "model": "navigator.tile",
  "pk": 92,
  "fields": {
    "created": "2019-06-22T19:31:22.740Z",
    "modified": "2019-06-22T19:31:22.740Z",
    "name": "b305",
    "active": false,
    "row": 6,
    "column": 7,
    "features": "",
    "size": null
  }
},
{
  "model": "navigator.tile",
  "pk": 93,
  "fields": {
    "created": "2019-06-22T19:31:22.745Z",
    "modified": "2019-06-22T19:31:22.745Z",
    "name": "b304",
    "active": false,
    "row": 6,
    "column": 8,
    "features": "",
    "size": null
  }
},
{
  "model": "navigator.tile",
  "pk": 94,
  "fields": {
    "created": "2019-06-22T19:31:22.750Z",
    "modified": "2019-06-22T19:31:22.750Z",
    "name": "b303",
    "active": false,
    "row": 6,
    "column": 9,
    "features": "",
    "size": null
  }
},
{
  "model": "navigator.tile",
  "pk": 95,
  "fields": {
    "created": "2019-06-22T19:31:22.755Z",
    "modified": "2019-06-22T19:31:22.755Z",
    "name": "b302",
    "active": false,
    "row": 6,
    "column": 10,
    "features": "",
    "size": null
  }
},
{
  "model": "navigator.tile",
  "pk": 96,
  "fields": {
    "created": "2019-06-22T19:31:22.759Z",
    "modified": "2019-06-22T19:31:22.759Z",
    "name": "b301",
    "active": false,
    "row": 6,
    "column": 11,
    "features": "",
    "size": null
  }
},
{
  "model": "navigator.tile",
  "pk": 97,
  "fields": {
    "created": "2019-06-22T19:31:22.764Z",
    "modified": "2019-06-22T19:31:22.764Z",
    "name": "b300",
    "active": false,
    "row": 6,
    "column": 12,
    "features": "",
    "size": null
  }
},
{
  "model": "navigator.tile",
  "pk": 98,
  "fields": {
    "created": "2019-06-22T19:31:22.769Z",
    "modified": "2019-06-22T19:31:22.769Z",
    "name": "b299",
    "active": false,
    "row": 6,
    "column": 13,
    "features": "",
    "size": null
  }
},
{
  "model": "navigator.tile",
  "pk": 99,
  "fields": {
    "created": "2019-06-22T19:31:22.774Z",
    "modified": "2019-06-22T19:31:22.774Z",
    "name": "b298",
    "active": false,
    "row": 7,
    "column": 0,
    "features": "",
    "size": null
  }
},
{
  "model": "navigator.tile",
  "pk": 100,
  "fields": {
    "created": "2019-06-22T19:31:22.779Z",
    "modified": "2019-06-22T19:31:22.779Z",
    "name": "b297",
    "active": false,
    "row": 7,
    "column": 1,
    "features": "",
    "size": null
  }
},
{
  "model": "navigator.tile",
  "pk": 101,
  "fields": {
    "created": "2019-06-22T19:31:22.783Z",
    "modified": "2019-06-22T19:31:22.783Z",
    "name": "b296",
    "active": false,
    "row": 7,
    "column": 2,
    "features": "",
    "size": null
  }
},
{
  "model": "navigator.tile",
  "pk": 102,
  "fields": {
    "created": "2019-06-22T19:31:22.788Z",
    "modified": "2019-06-22T19:31:22.788Z",
    "name": "b295",
    "active": false,
    "row": 7,
    "column": 3,
    "features": "",
    "size": null
  }
},
{
  "model": "navigator.tile",
  "pk": 103,
  "fields": {
    "created": "2019-06-22T19:31:22.792Z",
    "modified": "2019-06-22T19:31:22.793Z",
    "name": "b294",
    "active": false,
    "row": 7,
    "column": 4,
    "features": "",
    "size": null
  }
},
{
  "model": "navigator.tile",
  "pk": 104,
  "fields": {
    "created": "2019-06-22T19:31:22.797Z",
    "modified": "2019-06-22T19:31:22.797Z",
    "name": "b293",
    "active": false,
    "row": 7,
    "column": 5,
    "features": "",
    "size": null
  }
},
{
  "model": "navigator.tile",
  "pk": 105,
  "fields": {
    "created": "2019-06-22T19:31:22.802Z",
    "modified": "2019-06-22T19:31:22.802Z",
    "name": "b292",
    "active": false,
    "row": 7,
    "column": 6,
    "features": "",
    "size": null
  }
},
{
  "model": "navigator.tile",
  "pk": 106,
  "fields": {
    "created": "2019-06-22T19:31:22.807Z",
    "modified": "2019-06-22T19:31:22.807Z",
    "name": "b291",
    "active": false,
    "row": 7,
    "column": 7,
    "features": "",
    "size": null
  }
},
{
  "model": "navigator.tile",
  "pk": 107,
  "fields": {
    "created": "2019-06-22T19:31:22.812Z",
    "modified": "2019-06-22T19:31:22.812Z",
    "name": "b290",
    "active": false,
    "row": 7,
    "column": 8,
    "features": "",
    "size": null
  }
},
{
  "model": "navigator.tile",
  "pk": 108,
  "fields": {
    "created": "2019-06-22T19:31:22.816Z",
    "modified": "2019-06-22T19:31:22.816Z",
    "name": "b289",
    "active": false,
    "row": 7,
    "column": 9,
    "features": "",
    "size": null
  }
},
{
  "model": "navigator.tile",
  "pk": 109,
  "fields": {
    "created": "2019-06-22T19:31:22.821Z",
    "modified": "2019-06-22T19:31:22.821Z",
    "name": "b288",
    "active": false,
    "row": 7,
    "column": 10,
    "features": "",
    "size": null
  }
},
{
  "model": "navigator.tile",
  "pk": 110,
  "fields": {
    "created": "2019-06-22T19:31:22.825Z",
    "modified": "2019-06-22T19:31:22.825Z",
    "name": "b287",
    "active": false,
    "row": 7,
    "column": 11,
    "features": "",
    "size": null
  }
},
{
  "model": "navigator.tile",
  "pk": 111,
  "fields": {
    "created": "2019-06-22T19:31:22.830Z",
    "modified": "2019-06-22T19:31:22.830Z",
    "name": "b286",
    "active": false,
    "row": 7,
    "column": 12,
    "features": "",
    "size": null
  }
},
{
  "model": "navigator.tile",
  "pk": 112,
  "fields": {
    "created": "2019-06-22T19:31:22.835Z",
    "modified": "2019-06-22T19:31:22.835Z",
    "name": "b285",
    "active": false,
    "row": 7,
    "column": 13,
    "features": "",
    "size": null
  }
},
{
  "model": "navigator.tile",
  "pk": 113,
  "fields": {
    "created": "2019-06-22T19:31:22.839Z",
    "modified": "2019-06-22T19:31:22.839Z",
    "name": "b284",
    "active": false,
    "row": 8,
    "column": 0,
    "features": "",
    "size": null
  }
},
{
  "model": "navigator.tile",
  "pk": 114,
  "fields": {
    "created": "2019-06-22T19:31:22.845Z",
    "modified": "2019-06-22T19:31:22.845Z",
    "name": "b283",
    "active": false,
    "row": 8,
    "column": 1,
    "features": "",
    "size": null
  }
},
{
  "model": "navigator.tile",
  "pk": 115,
  "fields": {
    "created": "2019-06-22T19:31:22.852Z",
    "modified": "2019-06-22T19:31:22.852Z",
    "name": "b282",
    "active": false,
    "row": 8,
    "column": 2,
    "features": "",
    "size": null
  }
},
{
  "model": "navigator.tile",
  "pk": 116,
  "fields": {
    "created": "2019-06-22T19:31:22.858Z",
    "modified": "2019-06-22T19:31:22.858Z",
    "name": "b281",
    "active": false,
    "row": 8,
    "column": 3,
    "features": "",
    "size": null
  }
},
{
  "model": "navigator.tile",
  "pk": 117,
  "fields": {
    "created": "2019-06-22T19:31:22.863Z",
    "modified": "2019-06-22T19:31:22.863Z",
    "name": "b280",
    "active": false,
    "row": 8,
    "column": 4,
    "features": "",
    "size": null
  }
},
{
  "model": "navigator.tile",
  "pk": 118,
  "fields": {
    "created": "2019-06-22T19:31:22.868Z",
    "modified": "2019-06-22T19:31:22.868Z",
    "name": "b279",
    "active": false,
    "row": 8,
    "column": 5,
    "features": "",
    "size": null
  }
},
{
  "model": "navigator.tile",
  "pk": 119,
  "fields": {
    "created": "2019-06-22T19:31:22.875Z",
    "modified": "2019-06-22T19:31:22.875Z",
    "name": "b278",
    "active": true,
    "row": 8,
    "column": 6,
    "features": "",
    "size": null
  }
},
{
  "model": "navigator.tile",
  "pk": 120,
  "fields": {
    "created": "2019-06-22T19:31:22.881Z",
    "modified": "2019-06-22T19:31:22.881Z",
    "name": "b277",
    "active": true,
    "row": 8,
    "column": 7,
    "features": "",
    "size": null
  }
},
{
  "model": "navigator.tile",
  "pk": 121,
  "fields": {
    "created": "2019-06-22T19:31:22.887Z",
    "modified": "2019-06-22T19:31:22.887Z",
    "name": "b276",
    "active": false,
    "row": 8,
    "column": 8,
    "features": "",
    "size": null
  }
},
{
  "model": "navigator.tile",
  "pk": 122,
  "fields": {
    "created": "2019-06-22T19:31:22.894Z",
    "modified": "2019-06-22T19:31:22.894Z",
    "name": "b275",
    "active": false,
    "row": 8,
    "column": 9,
    "features": "",
    "size": null
  }
},
{
  "model": "navigator.tile",
  "pk": 123,
  "fields": {
    "created": "2019-06-22T19:31:22.900Z",
    "modified": "2019-06-22T19:31:22.900Z",
    "name": "b274",
    "active": false,
    "row": 8,
    "column": 10,
    "features": "",
    "size": null
  }
},
{
  "model": "navigator.tile",
  "pk": 124,
  "fields": {
    "created": "2019-06-22T19:31:22.904Z",
    "modified": "2019-06-22T19:31:22.905Z",
    "name": "b273",
    "active": false,
    "row": 8,
    "column": 11,
    "features": "",
    "size": null
  }
},
{
  "model": "navigator.tile",
  "pk": 125,
  "fields": {
    "created": "2019-06-22T19:31:22.909Z",
    "modified": "2019-06-22T19:31:22.909Z",
    "name": "b272",
    "active": false,
    "row": 8,
    "column": 12,
    "features": "",
    "size": null
  }
},
{
  "model": "navigator.tile",
  "pk": 126,
  "fields": {
    "created": "2019-06-22T19:31:22.914Z",
    "modified": "2019-06-22T19:31:22.914Z",
    "name": "b271",
    "active": false,
    "row": 8,
    "column": 13,
    "features": "",
    "size": null
  }
},
{
  "model": "navigator.tile",
  "pk": 127,
  "fields": {
    "created": "2019-06-22T19:31:22.918Z",
    "modified": "2019-06-22T19:31:22.918Z",
    "name": "b270",
    "active": false,
    "row": 9,
    "column": 0,
    "features": "",
    "size": null
  }
},
{
  "model": "navigator.tile",
  "pk": 128,
  "fields": {
    "created": "2019-06-22T19:31:22.923Z",
    "modified": "2019-06-22T19:31:22.923Z",
    "name": "b269",
    "active": false,
    "row": 9,
    "column": 1,
    "features": "",
    "size": null
  }
},
{
  "model": "navigator.tile",
  "pk": 129,
  "fields": {
    "created": "2019-06-22T19:31:22.927Z",
    "modified": "2019-06-22T19:31:22.927Z",
    "name": "b268",
    "active": false,
    "row": 9,
    "column": 2,
    "features": "",
    "size": null
  }
},
{
  "model": "navigator.tile",
  "pk": 130,
  "fields": {
    "created": "2019-06-22T19:31:22.932Z",
    "modified": "2019-06-22T19:31:22.932Z",
    "name": "b267",
    "active": false,
    "row": 9,
    "column": 3,
    "features": "",
    "size": null
  }
},
{
  "model": "navigator.tile",
  "pk": 131,
  "fields": {
    "created": "2019-06-22T19:31:22.936Z",
    "modified": "2019-06-22T19:31:22.936Z",
    "name": "b266",
    "active": false,
    "row": 9,
    "column": 4,
    "features": "",
    "size": null
  }
},
{
  "model": "navigator.tile",
  "pk": 132,
  "fields": {
    "created": "2019-06-22T19:31:22.941Z",
    "modified": "2019-06-22T19:31:22.941Z",
    "name": "b265",
    "active": false,
    "row": 9,
    "column": 5,
    "features": "",
    "size": null
  }
},
{
  "model": "navigator.tile",
  "pk": 133,
  "fields": {
    "created": "2019-06-22T19:31:22.945Z",
    "modified": "2019-06-22T19:31:22.945Z",
    "name": "b264",
    "active": true,
    "row": 9,
    "column": 6,
    "features": "",
    "size": null
  }
},
{
  "model": "navigator.tile",
  "pk": 134,
  "fields": {
    "created": "2019-06-22T19:31:22.950Z",
    "modified": "2019-06-22T19:31:22.950Z",
    "name": "b263",
    "active": true,
    "row": 9,
    "column": 7,
    "features": "",
    "size": null
  }
},
{
  "model": "navigator.tile",
  "pk": 135,
  "fields": {
    "created": "2019-06-22T19:31:22.954Z",
    "modified": "2019-06-22T19:31:22.954Z",
    "name": "b262",
    "active": true,
    "row": 9,
    "column": 8,
    "features": "",
    "size": null
  }
},
{
  "model": "navigator.tile",
  "pk": 136,
  "fields": {
    "created": "2019-06-22T19:31:22.959Z",
    "modified": "2019-06-22T19:31:22.959Z",
    "name": "b261",
    "active": true,
    "row": 9,
    "column": 9,
    "features": "",
    "size": null
  }
},
{
  "model": "navigator.tile",
  "pk": 137,
  "fields": {
    "created": "2019-06-22T19:31:22.963Z",
    "modified": "2019-06-22T19:31:22.963Z",
    "name": "b260",
    "active": false,
    "row": 9,
    "column": 10,
    "features": "",
    "size": null
  }
},
{
  "model": "navigator.tile",
  "pk": 138,
  "fields": {
    "created": "2019-06-22T19:31:22.968Z",
    "modified": "2019-06-22T19:31:22.968Z",
    "name": "b259",
    "active": false,
    "row": 9,
    "column": 11,
    "features": "",
    "size": null
  }
},
{
  "model": "navigator.tile",
  "pk": 139,
  "fields": {
    "created": "2019-06-22T19:31:22.973Z",
    "modified": "2019-06-22T19:31:22.973Z",
    "name": "b258",
    "active": false,
    "row": 9,
    "column": 12,
    "features": "",
    "size": null
  }
},
{
  "model": "navigator.tile",
  "pk": 140,
  "fields": {
    "created": "2019-06-22T19:31:22.977Z",
    "modified": "2019-06-22T19:31:22.977Z",
    "name": "b257",
    "active": false,
    "row": 9,
    "column": 13,
    "features": "",
    "size": null
  }
},
{
  "model": "navigator.tile",
  "pk": 141,
  "fields": {
    "created": "2019-06-22T19:31:22.982Z",
    "modified": "2019-06-22T19:31:22.982Z",
    "name": "b256",
    "active": false,
    "row": 10,
    "column": 0,
    "features": "",
    "size": null
  }
},
{
  "model": "navigator.tile",
  "pk": 142,
  "fields": {
    "created": "2019-06-22T19:31:22.987Z",
    "modified": "2019-06-22T19:31:22.987Z",
    "name": "b255",
    "active": false,
    "row": 10,
    "column": 1,
    "features": "",
    "size": null
  }
},
{
  "model": "navigator.tile",
  "pk": 143,
  "fields": {
    "created": "2019-06-22T19:31:22.992Z",
    "modified": "2019-06-22T19:31:22.992Z",
    "name": "b254",
    "active": false,
    "row": 10,
    "column": 2,
    "features": "",
    "size": null
  }
},
{
  "model": "navigator.tile",
  "pk": 144,
  "fields": {
    "created": "2019-06-22T19:31:22.997Z",
    "modified": "2019-06-22T19:31:22.997Z",
    "name": "b253",
    "active": false,
    "row": 10,
    "column": 3,
    "features": "",
    "size": null
  }
},
{
  "model": "navigator.tile",
  "pk": 145,
  "fields": {
    "created": "2019-06-22T19:31:23.001Z",
    "modified": "2019-06-22T19:31:23.002Z",
    "name": "b252",
    "active": false,
    "row": 10,
    "column": 4,
    "features": "",
    "size": null
  }
},
{
  "model": "navigator.tile",
  "pk": 146,
  "fields": {
    "created": "2019-06-22T19:31:23.006Z",
    "modified": "2019-06-22T19:31:23.006Z",
    "name": "b251",
    "active": false,
    "row": 10,
    "column": 5,
    "features": "",
    "size": null
  }
},
{
  "model": "navigator.tile",
  "pk": 147,
  "fields": {
    "created": "2019-06-22T19:31:23.011Z",
    "modified": "2019-06-22T19:31:23.011Z",
    "name": "b250",
    "active": false,
    "row": 10,
    "column": 6,
    "features": "",
    "size": null
  }
},
{
  "model": "navigator.tile",
  "pk": 148,
  "fields": {
    "created": "2019-06-22T19:31:23.016Z",
    "modified": "2019-06-22T19:31:23.016Z",
    "name": "b249",
    "active": false,
    "row": 10,
    "column": 7,
    "features": "",
    "size": null
  }
},
{
  "model": "navigator.tile",
  "pk": 149,
  "fields": {
    "created": "2019-06-22T19:31:23.021Z",
    "modified": "2019-06-22T19:31:23.021Z",
    "name": "b248",
    "active": true,
    "row": 10,
    "column": 8,
    "features": "",
    "size": null
  }
},
{
  "model": "navigator.tile",
  "pk": 150,
  "fields": {
    "created": "2019-06-22T19:31:23.026Z",
    "modified": "2019-06-22T19:31:23.026Z",
    "name": "b247",
    "active": true,
    "row": 10,
    "column": 9,
    "features": "",
    "size": null
  }
},
{
  "model": "navigator.tile",
  "pk": 151,
  "fields": {
    "created": "2019-06-22T19:31:23.031Z",
    "modified": "2019-06-22T19:31:23.031Z",
    "name": "b246",
    "active": false,
    "row": 10,
    "column": 10,
    "features": "",
    "size": null
  }
},
{
  "model": "navigator.tile",
  "pk": 152,
  "fields": {
    "created": "2019-06-22T19:31:23.036Z",
    "modified": "2019-06-22T19:31:23.036Z",
    "name": "b245",
    "active": false,
    "row": 10,
    "column": 11,
    "features": "",
    "size": null
  }
},
{
  "model": "navigator.tile",
  "pk": 153,
  "fields": {
    "created": "2019-06-22T19:31:23.040Z",
    "modified": "2019-06-22T19:31:23.040Z",
    "name": "b244",
    "active": false,
    "row": 10,
    "column": 12,
    "features": "",
    "size": null
  }
},
{
  "model": "navigator.tile",
  "pk": 154,
  "fields": {
    "created": "2019-06-22T19:31:23.045Z",
    "modified": "2019-06-22T19:31:23.045Z",
    "name": "b243",
    "active": false,
    "row": 10,
    "column": 13,
    "features": "",
    "size": null
  }
},
{
  "model": "navigator.tile",
  "pk": 155,
  "fields": {
    "created": "2019-06-22T19:31:23.050Z",
    "modified": "2019-06-22T19:31:23.050Z",
    "name": "b242",
    "active": false,
    "row": 11,
    "column": 0,
    "features": "",
    "size": null
  }
},
{
  "model": "navigator.tile",
  "pk": 156,
  "fields": {
    "created": "2019-06-22T19:31:23.055Z",
    "modified": "2019-06-22T19:31:23.055Z",
    "name": "b241",
    "active": false,
    "row": 11,
    "column": 1,
    "features": "",
    "size": null
  }
},
{
  "model": "navigator.tile",
  "pk": 157,
  "fields": {
    "created": "2019-06-22T19:31:23.060Z",
    "modified": "2019-06-22T19:31:23.060Z",
    "name": "b240",
    "active": false,
    "row": 11,
    "column": 2,
    "features": "",
    "size": null
  }
},
{
  "model": "navigator.tile",
  "pk": 158,
  "fields": {
    "created": "2019-06-22T19:31:23.065Z",
    "modified": "2019-06-22T19:31:23.065Z",
    "name": "b239",
    "active": false,
    "row": 11,
    "column": 3,
    "features": "",
    "size": null
  }
},
{
  "model": "navigator.tile",
  "pk": 159,
  "fields": {
    "created": "2019-06-22T19:31:23.070Z",
    "modified": "2019-06-22T19:31:23.070Z",
    "name": "b238",
    "active": false,
    "row": 11,
    "column": 4,
    "features": "",
    "size": null
  }
},
{
  "model": "navigator.tile",
  "pk": 160,
  "fields": {
    "created": "2019-06-22T19:31:23.075Z",
    "modified": "2019-06-22T19:31:23.075Z",
    "name": "b237",
    "active": false,
    "row": 11,
    "column": 5,
    "features": "",
    "size": null
  }
},
{
  "model": "navigator.tile",
  "pk": 161,
  "fields": {
    "created": "2019-06-22T19:31:23.080Z",
    "modified": "2019-06-22T19:31:23.080Z",
    "name": "b236",
    "active": false,
    "row": 11,
    "column": 6,
    "features": "",
    "size": null
  }
},
{
  "model": "navigator.tile",
  "pk": 162,
  "fields": {
    "created": "2019-06-22T19:31:23.085Z",
    "modified": "2019-06-22T19:31:23.085Z",
    "name": "b235",
    "active": false,
    "row": 11,
    "column": 7,
    "features": "",
    "size": null
  }
},
{
  "model": "navigator.tile",
  "pk": 163,
  "fields": {
    "created": "2019-06-22T19:31:23.090Z",
    "modified": "2019-06-22T19:31:23.090Z",
    "name": "b234",
    "active": true,
    "row": 11,
    "column": 8,
    "features": "",
    "size": null
  }
},
{
  "model": "navigator.tile",
  "pk": 164,
  "fields": {
    "created": "2019-06-22T19:31:23.095Z",
    "modified": "2019-06-22T19:31:23.095Z",
    "name": "b233",
    "active": false,
    "row": 11,
    "column": 9,
    "features": "",
    "size": null
  }
},
{
  "model": "navigator.tile",
  "pk": 165,
  "fields": {
    "created": "2019-06-22T19:31:23.099Z",
    "modified": "2019-06-22T19:31:23.099Z",
    "name": "b232",
    "active": false,
    "row": 11,
    "column": 10,
    "features": "",
    "size": null
  }
},
{
  "model": "navigator.tile",
  "pk": 166,
  "fields": {
    "created": "2019-06-22T19:31:23.104Z",
    "modified": "2019-06-22T19:31:23.104Z",
    "name": "b231",
    "active": false,
    "row": 11,
    "column": 11,
    "features": "",
    "size": null
  }
},
{
  "model": "navigator.tile",
  "pk": 167,
  "fields": {
    "created": "2019-06-22T19:31:23.109Z",
    "modified": "2019-06-22T19:31:23.109Z",
    "name": "b230",
    "active": false,
    "row": 11,
    "column": 12,
    "features": "",
    "size": null
  }
},
{
  "model": "navigator.tile",
  "pk": 168,
  "fields": {
    "created": "2019-06-22T19:31:23.116Z",
    "modified": "2019-06-22T19:31:23.116Z",
    "name": "b229",
    "active": false,
    "row": 11,
    "column": 13,
    "features": "",
    "size": null
  }
},
{
  "model": "navigator.tile",
  "pk": 169,
  "fields": {
    "created": "2019-06-22T19:31:23.122Z",
    "modified": "2019-06-22T19:31:23.122Z",
    "name": "b228",
    "active": true,
    "row": 12,
    "column": 0,
    "features": "",
    "size": null
  }
},
{
  "model": "navigator.tile",
  "pk": 170,
  "fields": {
    "created": "2019-06-22T19:31:23.129Z",
    "modified": "2019-06-22T19:31:23.129Z",
    "name": "b227",
    "active": false,
    "row": 12,
    "column": 1,
    "features": "",
    "size": null
  }
},
{
  "model": "navigator.tile",
  "pk": 171,
  "fields": {
    "created": "2019-06-22T19:31:23.136Z",
    "modified": "2019-06-22T19:31:23.136Z",
    "name": "b226",
    "active": false,
    "row": 12,
    "column": 2,
    "features": "",
    "size": null
  }
},
{
  "model": "navigator.tile",
  "pk": 172,
  "fields": {
    "created": "2019-06-22T19:31:23.141Z",
    "modified": "2019-06-22T19:31:23.141Z",
    "name": "b225",
    "active": false,
    "row": 12,
    "column": 3,
    "features": "",
    "size": null
  }
},
{
  "model": "navigator.tile",
  "pk": 173,
  "fields": {
    "created": "2019-06-22T19:31:23.148Z",
    "modified": "2019-06-22T19:31:23.148Z",
    "name": "b224",
    "active": false,
    "row": 12,
    "column": 4,
    "features": "",
    "size": null
  }
},
{
  "model": "navigator.tile",
  "pk": 174,
  "fields": {
    "created": "2019-06-22T19:31:23.153Z",
    "modified": "2019-06-22T19:31:23.153Z",
    "name": "b223",
    "active": false,
    "row": 12,
    "column": 5,
    "features": "",
    "size": null
  }
},
{
  "model": "navigator.tile",
  "pk": 175,
  "fields": {
    "created": "2019-06-22T19:31:23.159Z",
    "modified": "2019-06-22T19:31:23.159Z",
    "name": "b222",
    "active": false,
    "row": 12,
    "column": 6,
    "features": "",
    "size": null
  }
},
{
  "model": "navigator.tile",
  "pk": 176,
  "fields": {
    "created": "2019-06-22T19:31:23.164Z",
    "modified": "2019-06-22T19:31:23.165Z",
    "name": "b221",
    "active": false,
    "row": 12,
    "column": 7,
    "features": "",
    "size": null
  }
},
{
  "model": "navigator.tile",
  "pk": 177,
  "fields": {
    "created": "2019-06-22T19:31:23.170Z",
    "modified": "2019-06-22T19:31:23.170Z",
    "name": "b220",
    "active": true,
    "row": 12,
    "column": 8,
    "features": "",
    "size": null
  }
},
{
  "model": "navigator.tile",
  "pk": 178,
  "fields": {
    "created": "2019-06-22T19:31:23.176Z",
    "modified": "2019-06-22T19:31:23.176Z",
    "name": "b219",
    "active": false,
    "row": 12,
    "column": 9,
    "features": "",
    "size": null
  }
},
{
  "model": "navigator.tile",
  "pk": 179,
  "fields": {
    "created": "2019-06-22T19:31:23.181Z",
    "modified": "2019-06-22T19:31:23.181Z",
    "name": "b218",
    "active": false,
    "row": 12,
    "column": 10,
    "features": "",
    "size": null
  }
},
{
  "model": "navigator.tile",
  "pk": 180,
  "fields": {
    "created": "2019-06-22T19:31:23.188Z",
    "modified": "2019-06-22T19:31:23.188Z",
    "name": "b217",
    "active": false,
    "row": 12,
    "column": 11,
    "features": "",
    "size": null
  }
},
{
  "model": "navigator.tile",
  "pk": 181,
  "fields": {
    "created": "2019-06-22T19:31:23.193Z",
    "modified": "2019-06-22T19:31:23.193Z",
    "name": "b216",
    "active": true,
    "row": 12,
    "column": 12,
    "features": "",
    "size": null
  }
},
{
  "model": "navigator.tile",
  "pk": 182,
  "fields": {
    "created": "2019-06-22T19:31:23.198Z",
    "modified": "2019-06-22T19:31:23.198Z",
    "name": "b215",
    "active": false,
    "row": 12,
    "column": 13,
    "features": "",
    "size": null
  }
},
{
  "model": "navigator.tile",
  "pk": 183,
  "fields": {
    "created": "2019-06-22T19:31:23.203Z",
    "modified": "2019-06-22T19:31:23.203Z",
    "name": "b214",
    "active": true,
    "row": 13,
    "column": 0,
    "features": "",
    "size": null
  }
},
{
  "model": "navigator.tile",
  "pk": 184,
  "fields": {
    "created": "2019-06-22T19:31:23.207Z",
    "modified": "2019-06-22T19:31:23.207Z",
    "name": "b213",
    "active": false,
    "row": 13,
    "column": 1,
    "features": "",
    "size": null
  }
},
{
  "model": "navigator.tile",
  "pk": 185,
  "fields": {
    "created": "2019-06-22T19:31:23.212Z",
    "modified": "2019-06-22T19:31:23.212Z",
    "name": "b212",
    "active": false,
    "row": 13,
    "column": 2,
    "features": "",
    "size": null
  }
},
{
  "model": "navigator.tile",
  "pk": 186,
  "fields": {
    "created": "2019-06-22T19:31:23.216Z",
    "modified": "2019-06-22T19:31:23.216Z",
    "name": "b211",
    "active": false,
    "row": 13,
    "column": 3,
    "features": "",
    "size": null
  }
},
{
  "model": "navigator.tile",
  "pk": 187,
  "fields": {
    "created": "2019-06-22T19:31:23.221Z",
    "modified": "2019-06-22T19:31:23.221Z",
    "name": "b210",
    "active": false,
    "row": 13,
    "column": 4,
    "features": "",
    "size": null
  }
},
{
  "model": "navigator.tile",
  "pk": 188,
  "fields": {
    "created": "2019-06-22T19:31:23.225Z",
    "modified": "2019-06-22T19:31:23.225Z",
    "name": "b209",
    "active": false,
    "row": 13,
    "column": 5,
    "features": "",
    "size": null
  }
},
{
  "model": "navigator.tile",
  "pk": 189,
  "fields": {
    "created": "2019-06-22T19:31:23.230Z",
    "modified": "2019-06-22T19:31:23.230Z",
    "name": "b208",
    "active": false,
    "row": 13,
    "column": 6,
    "features": "",
    "size": null
  }
},
{
  "model": "navigator.tile",
  "pk": 190,
  "fields": {
    "created": "2019-06-22T19:31:23.234Z",
    "modified": "2019-06-22T19:31:23.234Z",
    "name": "b207",
    "active": false,
    "row": 13,
    "column": 7,
    "features": "",
    "size": null
  }
},
{
  "model": "navigator.tile",
  "pk": 191,
  "fields": {
    "created": "2019-06-22T19:31:23.239Z",
    "modified": "2019-06-22T19:31:23.239Z",
    "name": "b206",
    "active": true,
    "row": 13,
    "column": 8,
    "features": "",
    "size": null
  }
},
{
  "model": "navigator.tile",
  "pk": 192,
  "fields": {
    "created": "2019-06-22T19:31:23.244Z",
    "modified": "2019-06-22T19:31:23.244Z",
    "name": "b205",
    "active": false,
    "row": 13,
    "column": 9,
    "features": "",
    "size": null
  }
},
{
  "model": "navigator.tile",
  "pk": 193,
  "fields": {
    "created": "2019-06-22T19:31:23.249Z",
    "modified": "2019-06-22T19:31:23.249Z",
    "name": "b204",
    "active": false,
    "row": 13,
    "column": 10,
    "features": "",
    "size": null
  }
},
{
  "model": "navigator.tile",
  "pk": 194,
  "fields": {
    "created": "2019-06-22T19:31:23.257Z",
    "modified": "2019-06-22T19:31:23.257Z",
    "name": "b203",
    "active": false,
    "row": 13,
    "column": 11,
    "features": "",
    "size": null
  }
},
{
  "model": "navigator.tile",
  "pk": 195,
  "fields": {
    "created": "2019-06-22T19:31:23.261Z",
    "modified": "2019-06-22T19:31:23.261Z",
    "name": "b202",
    "active": false,
    "row": 13,
    "column": 12,
    "features": "",
    "size": null
  }
},
{
  "model": "navigator.tile",
  "pk": 196,
  "fields": {
    "created": "2019-06-22T19:31:23.266Z",
    "modified": "2019-06-22T19:31:23.266Z",
    "name": "b201",
    "active": false,
    "row": 13,
    "column": 13,
    "features": "",
    "size": null
  }
}
]
